chain,resname,resid,icode,closest_atom,min_dist_to_axis_A,z_along_axis_A
B,GLU,31,,O,2.7058,-43.7707
B,LYS,30,,O,5.5493,-43.3316
B,ARG,253,,NE,5.2630,-40.1399
B,ASP,276,,OD2,4.1517,-40.0139
B,GLN,64,,NE2,1.1857,-39.6418
B,ASN,32,,O,3.2852,-39.4359
B,MET,34,,CE,5.6536,-37.7771
B,ARG,251,,NH1,1.3135,-37.2138
B,GLY,33,,O,4.2649,-37.1184
B,ALA,62,,O,0.3014,-34.7342
B,GLY,63,,N,2.1906,-33.8280
A,SER,159,,OG,5.9166,-33.5587
B,SER,221,,O,5.0625,-33.1519
B,PRO,81,,CG,5.0390,-32.9224
B,ILE,61,,O,2.1079,-32.4655
B,PHE,84,,CE1,2.5572,-31.8596
B,SER,222,,C,4.3511,-31.0793
B,THR,60,,CG2,5.6085,-30.9016
B,PHE,224,,N,1.5536,-29.4047
B,GLY,223,,C,1.7868,-29.3113
B,LEU,220,,N,5.0056,-29.3052
B,SER,218,,O,5.0634,-28.3249
B,SER,225,,N,4.3550,-27.3224
B,LEU,219,,CG,1.6683,-26.1101
B,SER,217,,OG,5.8058,-25.0316
A,ASN,105,,O,2.9747,-22.9242
A,SER,106,,C,1.8334,-21.0811
A,ILE,107,,N,1.1588,-20.7740
A,ASP,108,,N,4.4666,-19.9009
A,THR,109,,CG2,5.6114,-15.8548
D,THR,109,,CG2,5.9276,15.9069
E,PRO,151,,CG,4.6595,20.2366
E,PHE,153,,O,4.1982,22.2263
E,THR,155,,N,1.1849,24.0407
E,LYS,154,,C,1.5090,24.7336
E,ILE,156,,CG1,2.4725,27.1104
E,LEU,157,,N,5.8623,27.1188
E,VAL,169,,N,4.0492,28.7547
E,TRP,167,,C,5.6746,30.2945
E,ILE,170,,CG2,2.2225,30.3162
E,PHE,84,,O,5.9797,30.8300
F,ASN,214,,OD1,4.6977,31.8828
E,LYS,168,,CD,1.1679,32.0539
E,ALA,83,,CB,5.2293,33.0889
E,GLU,158,,OE2,3.7876,34.1333
E,LYS,85,,CE,3.0621,35.3875
E,VAL,252,,CG2,5.9949,36.8639
E,GLU,250,,OE2,5.9883,38.4894